participant_id	ANTI-THYROGLOBULIN IU/ML	APOLIPOPROTEIN A-1 MG/DL	APOLIPOPROTEIN B MG/DL	CALCIUM MMOL/L	CREATINE KINASE U/L	CRP,HIGH SENSITIVITY, COMPREHE MG/L	FERRITIN MCG/L	HUMAN CHORIONIC GONADOTROPIN, IU/L	INSULIN MCU/ML	IRON MCG/DL	LACTATE DEHYDROGENASE U/L	MAGNESIUM MMOL/L	PANCREATIC POLYPEPTIDE,PLASMA PG/ML	PHOSPHORUS, INORGANIC MG/DL	PRO BRAIN NATRIURETIC PEPTIDE PG/ML	PROLACTIN MCG/L	PROTEIN, TOTAL G/DL	REVERSE T3, MASS SPECTROMETRY NG/DL	SERUM FOLATE NG/ML	T3 FREE, MASS SPECTROMETRY PG/ML	T3, MASS SPECTROMETRY NG/DL	T4 FREE, MASS SPECTROMETRY NG/DL	T4, MASS SPECTROMETRY MCG/DL	THYROGLOBULIN NG/ML	THYROID STIMULATING HORMONE MCIU/ML	THYROXINE, FREE NG/DL	TRANSFERRIN MG/DL	URIC ACID MG/DL
sub-ON00963	-999	-999	-999	-999	85	2.90	-999	-999	-999	-999	-999	-999	-999	-999	-999	-999	-999	-999	-999	-999	-999	-999	-999	-999	2.50	-999	-999	-999
sub-ON01016	-999	-999	-999	-999	143	0.60	-999	-999	-999	-999	-999	-999	-999	-999	-999	-999	-999	-999	-999	-999	-999	-999	-999	-999	3.71	-999	-999	-999
sub-ON01802	-999	-999	-999	-999	201	0.20	-999	-999	-999	-999	-999	-999	-999	-999	-999	-999	-999	-999	-999	-999	-999	-999	-999	-999	1.09	-999	-999	-999
sub-ON02693	-999	-999	-999	-999	75	0.50	-999	-999	-999	-999	-999	-999	-999	-999	-999	-999	-999	-999	-999	-999	-999	-999	-999	-999	1.62	-999	-999	-999
sub-ON02747	-999	-999	-999	-999	248	1.60	-999	-999	-999	-999	-999	-999	-999	-999	-999	-999	-999	-999	-999	-999	-999	-999	-999	-999	1.76	-999	-999	-999
sub-ON02811	-999	-999	-999	-999	145	0.70	-999	-999	-999	-999	-999	-999	-999	-999	-999	-999	-999	-999	-999	-999	-999	-999	-999	-999	4.47	-999	-999	-999
sub-ON03748	-999	-999	-999	-999	69	1.20	-999	-999	-999	-999	-999	-999	-999	-999	-999	-999	-999	-999	-999	-999	-999	-999	-999	-999	2.35	-999	-999	-999
sub-ON04322	-999	-999	-999	-999	129	2.00	-999	-999	-999	-999	-999	-999	-999	-999	-999	-999	-999	-999	-999	-999	-999	-999	-999	-999	2.29	-999	-999	-999
sub-ON05258	-999	-999	-999	-999	45	0.40	-999	-999	-999	-999	-999	-999	-999	-999	-999	-999	-999	-999	-999	-999	-999	-999	-999	-999	1.52	-999	-999	-999
sub-ON05311	-999	-999	-999	-999	99	0.30	-999	-999	-999	-999	-999	-999	-999	-999	-999	-999	-999	-999	-999	-999	-999	-999	-999	-999	4.84	-999	-999	-999
sub-ON05421	-999	-999	-999	-999	85	0.20	-999	-999	-999	-999	-999	-999	-999	-999	-999	-999	-999	-999	-999	-999	-999	-999	-999	-999	1.51	-999	-999	-999
sub-ON05441	-999	-999	-999	-999	229	4.90	-999	-999	-999	-999	-999	-999	-999	-999	-999	-999	-999	-999	-999	-999	-999	-999	-999	-999	2.11	-999	-999	-999
sub-ON05530	-999	-999	-999	-999	125	0.60	-999	-999	-999	-999	-999	-999	-999	-999	-999	-999	-999	-999	-999	-999	-999	-999	-999	-999	1.41	-999	-999	-999
sub-ON06520	-999	-999	-999	-999	166	0.20	-999	-999	-999	-999	-999	-999	-999	-999	-999	-999	-999	-999	-999	-999	-999	-999	-999	-999	1.45	-999	-999	-999
sub-ON06910	-999	-999	-999	-999	331	0.30	-999	-999	-999	-999	-999	-999	-999	-999	-999	-999	-999	-999	-999	-999	-999	-999	-999	-999	-999	-999	-999	-999
sub-ON07392	-999	-999	-999	-999	77	1.30	-999	-999	-999	-999	-999	-999	-999	-999	-999	-999	-999	-999	-999	-999	-999	-999	-999	-999	1.68	-999	-999	-999
sub-ON08155	-999	-999	-999	-999	91	0.80	-999	-999	-999	-999	-999	-999	-999	-999	-999	-999	-999	-999	-999	-999	-999	-999	-999	-999	2.52	-999	-999	-999
sub-ON08392	-999	-999	-999	-999	127	1.00	-999	-999	-999	-999	-999	-999	-999	-999	-999	-999	-999	-999	-999	-999	-999	-999	-999	-999	0.89	-999	-999	-999
sub-ON08543	-999	-999	-999	-999	316	0.20	-999	-999	-999	-999	-999	-999	-999	-999	-999	-999	-999	-999	-999	-999	-999	-999	-999	-999	1.81	-999	-999	-999
sub-ON08571	-999	-999	-999	-999	125	1.80	-999	-999	-999	-999	-999	-999	-999	-999	-999	-999	-999	-999	-999	-999	-999	-999	-999	-999	6.03	-999	-999	-999
sub-ON08643	-999	-999	-999	-999	1563	0.60	-999	-999	-999	-999	-999	-999	-999	-999	-999	-999	-999	-999	-999	-999	-999	-999	-999	-999	0.95	-999	-999	-999
sub-ON08720	-999	-999	-999	-999	HEMOLYZED	0.30	-999	-999	-999	-999	-999	-999	-999	-999	-999	-999	-999	-999	-999	-999	-999	-999	-999	-999	1.97	-999	-999	-999
sub-ON08742	-999	-999	-999	-999	-999	3.90	-999	-999	-999	-999	-999	-999	-999	-999	-999	-999	-999	-999	-999	-999	-999	-999	-999	-999	-999	-999	-999	-999
sub-ON08792	-999	-999	-999	-999	88	0.90	-999	-999	-999	-999	-999	-999	-999	-999	-999	-999	-999	-999	-999	-999	-999	-999	-999	-999	1.38	-999	-999	-999
sub-ON09474	-999	-999	-999	-999	91	7.60	-999	-999	-999	-999	-999	-999	-999	-999	-999	-999	-999	-999	-999	-999	-999	-999	-999	-999	4.93	-999	-999	-999
sub-ON09550	-999	-999	-999	-999	81	0.40	-999	-999	-999	-999	-999	-999	-999	-999	-999	-999	-999	-999	-999	-999	-999	-999	-999	-999	2.21	-999	-999	-999
sub-ON09664	-999	-999	-999	-999	161	0.20	-999	-999	-999	-999	-999	-999	-999	-999	-999	-999	-999	-999	-999	-999	-999	-999	-999	-999	2.38	-999	-999	-999
sub-ON09752	-999	-999	-999	-999	50	4.30	-999	-999	-999	-999	-999	-999	-999	-999	-999	-999	-999	-999	-999	-999	-999	-999	-999	-999	1.28	-999	-999	-999
sub-ON09821	-999	-999	-999	-999	57	1.40	-999	-999	-999	-999	-999	-999	-999	-999	-999	-999	-999	-999	-999	-999	-999	-999	-999	-999	1.78	-999	-999	-999
sub-ON09873	-999	-999	-999	2.48	60	1.50	-999	-999	-999	-999	-999	-999	-999	-999	-999	-999	7.9	-999	-999	-999	-999	-999	-999	-999	-999	-999	-999	-999
sub-ON10965	-999	-999	-999	-999	69	0.20	-999	-999	-999	-999	-999	-999	-999	-999	-999	-999	-999	-999	-999	-999	-999	-999	-999	-999	1.78	-999	-999	-999
sub-ON11111	-999	-999	-999	-999	86	1.90	-999	-999	-999	-999	-999	-999	-999	-999	-999	-999	-999	-999	-999	-999	-999	-999	-999	-999	1.62	-999	-999	-999
sub-ON11394	-999	-999	-999	-999	63	<0.15	-999	-999	-999	-999	-999	-999	-999	-999	-999	-999	-999	-999	-999	-999	-999	-999	-999	-999	1.73	-999	-999	-999
sub-ON11411	-999	-999	-999	-999	65	1.00	-999	-999	-999	-999	-999	-999	-999	-999	-999	-999	-999	-999	-999	-999	-999	-999	-999	-999	0.94	-999	-999	-999
sub-ON12666	-999	-999	-999	-999	94	1.10	-999	-999	-999	-999	-999	-999	-999	-999	-999	-999	-999	-999	-999	-999	-999	-999	-999	-999	1.86	-999	-999	-999
sub-ON12688	-999	-999	-999	-999	311	2.50	-999	-999	-999	-999	-999	-999	-999	-999	-999	-999	-999	-999	-999	-999	-999	-999	-999	-999	2.80	-999	-999	-999
sub-ON13545	-999	-999	-999	-999	115	1.00	-999	-999	-999	-999	-999	-999	-999	-999	-999	-999	-999	-999	-999	-999	-999	-999	-999	-999	3.55	-999	-999	-999
sub-ON13986	-999	-999	-999	-999	115	0.80	-999	-999	-999	-999	-999	-999	-999	-999	-999	-999	-999	-999	-999	-999	-999	-999	-999	-999	0.96	-999	-999	-999
sub-ON17159	-999	-999	-999	-999	93	0.30	-999	-999	-999	-999	-999	-999	-999	-999	-999	-999	-999	-999	-999	-999	-999	-999	-999	-999	1.38	-999	-999	-999
sub-ON18047	-999	-999	-999	-999	130	<0.15	-999	-999	-999	-999	-999	-999	-999	-999	-999	-999	-999	-999	-999	-999	-999	-999	-999	-999	2.49	-999	-999	-999
sub-ON21834	-999	-999	-999	-999	92	0.80	-999	-999	-999	-999	-999	-999	-999	-999	-999	-999	-999	-999	-999	-999	-999	-999	-999	-999	1.58	-999	-999	-999
sub-ON21959	-999	-999	-999	-999	108	<0.15	-999	-999	-999	-999	-999	-999	-999	-999	-999	-999	-999	-999	-999	-999	-999	-999	-999	-999	1.20	-999	-999	-999
sub-ON21976	-999	-999	-999	-999	72	4.80	-999	-999	-999	-999	-999	-999	-999	-999	-999	-999	-999	-999	-999	-999	-999	-999	-999	-999	2.86	-999	-999	-999
sub-ON22299	-999	-999	-999	-999	100	0.60	-999	-999	-999	-999	-999	-999	-999	-999	-999	-999	-999	-999	-999	-999	-999	-999	-999	-999	3.18	-999	-999	-999
sub-ON22662	-999	-999	-999	-999	222	0.80	-999	-999	-999	-999	-999	-999	-999	-999	-999	-999	-999	-999	-999	-999	-999	-999	-999	-999	1.27	-999	-999	-999
sub-ON22671	-999	-999	-999	-999	56	3.90	-999	-999	-999	-999	-999	-999	-999	-999	-999	-999	-999	-999	-999	-999	-999	-999	-999	-999	1.93	-999	-999	-999
sub-ON23419	-999	-999	-999	-999	199	1.10	-999	-999	-999	-999	-999	-999	-999	-999	-999	-999	-999	-999	-999	-999	-999	-999	-999	-999	1.31	-999	-999	-999
sub-ON23483	<20.0	-999	-999	2.38	81	0.30	-999	-999	-999	-999	-999	-999	-999	-999	-999	15.0	7.2	-999	-999	-999	-999	-999	-999	-999	0.62	1.4	-999	-999
sub-ON23664	-999	-999	-999	-999	115	3.60	-999	-999	-999	-999	-999	-999	-999	-999	-999	-999	-999	-999	-999	-999	-999	-999	-999	-999	1.07	-999	-999	-999
sub-ON23776	-999	-999	-999	-999	77	1.60	-999	-999	-999	-999	-999	-999	-999	-999	-999	-999	-999	-999	-999	-999	-999	-999	-999	-999	1.84	-999	-999	-999
sub-ON25658	-999	-999	-999	-999	3464	1.90	-999	-999	-999	-999	-999	-999	-999	-999	-999	-999	-999	-999	-999	-999	-999	-999	-999	-999	1.49	-999	-999	-999
sub-ON25939	-999	-999	-999	-999	299	0.80	-999	-999	-999	-999	-999	-999	-999	-999	-999	-999	-999	-999	-999	-999	-999	-999	-999	-999	1.80	-999	-999	-999
sub-ON26105	-999	-999	-999	-999	38	2.10	-999	-999	-999	-999	-999	-999	-999	-999	-999	-999	-999	-999	-999	-999	-999	-999	-999	-999	2.52	-999	-999	-999
sub-ON26854	-999	-999	-999	-999	86	0.40	-999	-999	-999	-999	-999	-999	-999	-999	-999	-999	-999	-999	-999	-999	-999	-999	-999	-999	1.53	-999	-999	-999
sub-ON28693	-999	-999	-999	-999	-999	0.90	-999	-999	-999	-999	-999	-999	-999	-999	-999	-999	-999	-999	-999	-999	-999	-999	-999	-999	3.13	-999	-999	-999
sub-ON30080	-999	-999	-999	-999	697	<0.15	-999	-999	-999	-999	-999	-999	-999	-999	-999	-999	-999	-999	-999	-999	-999	-999	-999	-999	1.02	-999	-999	-999
sub-ON30535	-999	-999	-999	2.39	44	<0.15	32	-999	-999	-999	-999	1.05	-999	3.4	-999	-999	-999	-999	17.0	-999	-999	-999	-999	-999	2.96	-999	-999	-999
sub-ON31551	-999	-999	-999	-999	152	<0.15	-999	-999	-999	-999	-999	-999	-999	-999	-999	-999	-999	-999	-999	-999	-999	-999	-999	-999	2.12	-999	-999	-999
sub-ON33100	-999	-999	-999	-999	229	0.50	-999	-999	-999	-999	-999	-999	-999	-999	-999	-999	-999	-999	-999	-999	-999	-999	-999	-999	2.27	-999	-999	-999
sub-ON33159	-999	-999	-999	-999	57	0.20	-999	-999	-999	-999	-999	-999	-999	-999	-999	-999	-999	-999	-999	-999	-999	-999	-999	-999	0.77	-999	-999	-999
sub-ON33827	-999	-999	-999	-999	190	1.20	-999	-999	-999	-999	-999	-999	-999	-999	-999	-999	-999	-999	-999	-999	-999	-999	-999	-999	0.73	-999	-999	-999
sub-ON34754	-999	-999	-999	-999	52	<0.15	-999	-999	-999	-999	-999	-999	-999	-999	-999	-999	-999	-999	-999	-999	-999	-999	-999	-999	1.86	-999	-999	-999
sub-ON34766	-999	-999	-999	-999	136	0.60	-999	-999	-999	-999	-999	-999	-999	-999	-999	-999	-999	-999	-999	-999	-999	-999	-999	-999	1.61	-999	-999	-999
sub-ON35773	-999	-999	-999	-999	53	0.40	-999	-999	-999	-999	-999	-999	-999	-999	-999	-999	-999	-999	-999	-999	-999	-999	-999	-999	1.04	-999	-999	-999
sub-ON35920	-999	-999	-999	-999	111	0.60	-999	-999	-999	-999	-999	-999	-999	-999	-999	-999	-999	-999	-999	-999	-999	-999	-999	-999	2.10	-999	-999	-999
sub-ON37194	-999	-999	-999	-999	106	1.00	-999	-999	-999	-999	-999	-999	-999	-999	-999	-999	-999	-999	-999	-999	-999	-999	-999	-999	2.93	-999	-999	-999
sub-ON38044	-999	-999	-999	-999	248	2.30	-999	-999	-999	-999	-999	-999	-999	-999	-999	-999	-999	-999	-999	-999	-999	-999	-999	-999	1.44	-999	-999	-999
sub-ON39099	-999	-999	-999	-999	108	0.40	-999	-999	-999	-999	-999	-999	-999	-999	-999	-999	-999	-999	-999	-999	-999	-999	-999	-999	1.66	-999	-999	-999
sub-ON39384	-999	-999	-999	-999	57	0.60	-999	-999	-999	-999	-999	-999	-999	-999	-999	-999	-999	-999	-999	-999	-999	-999	-999	-999	2.48	-999	-999	-999
sub-ON40397	-999	-999	-999	-999	57	1.20	-999	-999	-999	-999	-999	-999	-999	-999	-999	-999	-999	-999	-999	-999	-999	-999	-999	-999	1.77	-999	-999	-999
sub-ON40757	-999	-999	-999	-999	89	0.70	-999	-999	-999	-999	-999	-999	-999	-999	-999	-999	-999	-999	-999	-999	-999	-999	-999	-999	1.30	-999	-999	-999
sub-ON42107	-999	-999	-999	-999	101	1.90	-999	-999	-999	-999	-999	-999	-999	-999	-999	-999	-999	-999	-999	-999	-999	-999	-999	-999	1.39	-999	-999	-999
sub-ON42221	-999	-999	-999	-999	67	0.30	-999	-999	-999	-999	-999	-999	-999	-999	-999	-999	-999	-999	-999	-999	-999	-999	-999	-999	3.19	-999	-999	-999
sub-ON42941	-999	159	59	-999	-999	0.20	-999	-999	-999	-999	-999	-999	-999	-999	38	-999	-999	-999	-999	-999	-999	-999	-999	-999	-999	-999	-999	-999
sub-ON43001	-999	-999	-999	-999	77	1.00	-999	-999	-999	-999	-999	-999	-999	-999	-999	-999	-999	-999	-999	-999	-999	-999	-999	-999	-999	-999	-999	-999
sub-ON43310	-999	-999	-999	-999	77	3.50	-999	-999	-999	-999	-999	-999	-999	-999	-999	-999	-999	-999	-999	-999	-999	-999	-999	-999	2.18	-999	-999	-999
sub-ON43585	-999	-999	-999	-999	281	<0.15	-999	-999	-999	-999	-999	-999	-999	-999	-999	-999	-999	-999	-999	-999	-999	-999	-999	-999	2.65	-999	-999	-999
sub-ON44111	-999	-999	-999	-999	146	7.90	-999	-999	-999	-999	-999	-999	-999	-999	-999	-999	-999	-999	-999	-999	-999	-999	-999	-999	0.52	-999	-999	-999
sub-ON44262	-999	-999	-999	-999	118	0.20	-999	-999	-999	-999	-999	-999	-999	-999	-999	-999	-999	-999	-999	-999	-999	-999	-999	-999	1.31	-999	-999	-999
sub-ON46717	-999	-999	-999	-999	92	1.20	-999	-999	-999	-999	-999	-999	-999	-999	-999	-999	-999	-999	-999	-999	-999	-999	-999	-999	1.87	-999	-999	-999
sub-ON47254	-999	-999	-999	-999	390	0.60	-999	-999	-999	-999	-999	-999	-999	-999	-999	-999	-999	-999	-999	-999	-999	-999	-999	-999	2.26	-999	-999	-999
sub-ON48190	-999	-999	-999	-999	346	2.50	-999	-999	-999	-999	-999	-999	-999	-999	-999	-999	-999	-999	-999	-999	-999	-999	-999	-999	1.31	-999	-999	-999
sub-ON48555	-999	-999	-999	-999	131	0.70	-999	-999	-999	-999	-999	-999	-999	-999	-999	-999	-999	-999	-999	-999	-999	-999	-999	-999	1.46	-999	-999	-999
sub-ON48925	-999	-999	-999	-999	125	5.40	-999	-999	-999	-999	-999	-999	-999	-999	-999	-999	-999	-999	-999	-999	-999	-999	-999	-999	1.38	-999	-999	-999
sub-ON48984	-999	-999	-999	-999	219	1.40	-999	-999	-999	-999	-999	-999	-999	-999	-999	-999	-999	-999	-999	-999	-999	-999	-999	-999	3.43	-999	-999	-999
sub-ON49080	-999	-999	-999	-999	108	0.30	-999	-999	-999	-999	-999	-999	-999	-999	-999	-999	-999	-999	-999	-999	-999	-999	-999	-999	1.33	-999	-999	-999
sub-ON50015	-999	-999	-999	-999	130	3.00	-999	-999	-999	-999	-999	-999	-999	-999	-999	-999	-999	-999	-999	-999	-999	-999	-999	-999	1.16	-999	-999	-999
sub-ON50636	-999	-999	-999	-999	133	1.80	-999	-999	-999	-999	-999	-999	-999	-999	-999	-999	-999	-999	-999	-999	-999	-999	-999	-999	1.98	-999	-999	-999
sub-ON51005	-999	-999	-999	-999	84	2.60	-999	-999	-999	-999	-999	-999	-999	-999	-999	-999	-999	-999	-999	-999	-999	-999	-999	-999	4.81	-999	-999	-999
sub-ON52662	-999	-999	-999	-999	374	0.80	-999	-999	-999	-999	-999	-999	-999	-999	-999	-999	-999	-999	-999	-999	-999	-999	-999	-999	2.93	-999	-999	-999
sub-ON52733	-999	-999	-999	-999	117	0.50	-999	-999	-999	-999	-999	-999	-999	-999	-999	-999	-999	-999	-999	-999	-999	-999	-999	-999	1.23	-999	-999	-999
sub-ON52992	-999	-999	-999	-999	342	<0.15	-999	-999	-999	-999	-999	-999	-999	-999	-999	-999	-999	-999	-999	-999	-999	-999	-999	-999	0.49	-999	-999	-999
sub-ON53222	-999	-999	-999	-999	79	0.60	-999	-999	-999	-999	-999	-999	-999	-999	-999	-999	-999	-999	-999	-999	-999	-999	-999	-999	1.58	-999	-999	-999
sub-ON53330	-999	-999	-999	-999	132	0.20	-999	-999	-999	-999	-999	-999	-999	-999	-999	-999	-999	-999	-999	-999	-999	-999	-999	-999	2.94	-999	-999	-999
sub-ON54268	-999	-999	-999	-999	1583	0.30	-999	-999	-999	-999	-999	-999	-999	-999	-999	-999	-999	-999	-999	-999	-999	-999	-999	-999	3.44	-999	-999	-999
sub-ON54400	-999	-999	-999	-999	69	1.00	-999	-999	-999	-999	-999	-999	-999	-999	-999	-999	-999	-999	-999	-999	-999	-999	-999	-999	4.69	-999	-999	-999
sub-ON54886	-999	-999	-999	-999	93	0.60	-999	-999	-999	-999	-999	-999	-999	-999	-999	-999	-999	-999	-999	-999	-999	-999	-999	-999	1.13	-999	-999	-999
sub-ON55211	-999	-999	-999	-999	477	2.20	-999	-999	-999	-999	-999	-999	-999	-999	-999	-999	-999	-999	-999	-999	-999	-999	-999	-999	4.07	-999	-999	-999
sub-ON55431	-999	-999	-999	-999	105	0.90	-999	-999	-999	-999	-999	-999	-999	-999	-999	-999	-999	-999	-999	-999	-999	-999	-999	-999	1.72	-999	-999	-999
sub-ON55820	-999	-999	-999	-999	79	1.10	-999	-999	-999	-999	-999	-999	-999	-999	-999	-999	-999	-999	-999	-999	-999	-999	-999	-999	1.65	-999	-999	-999
sub-ON56044	-999	-999	-999	-999	384	<0.15	-999	-999	-999	-999	-999	-999	-999	-999	-999	-999	-999	-999	-999	-999	-999	-999	-999	-999	1.52	-999	-999	-999
sub-ON56250	-999	-999	-999	-999	99	0.60	-999	-999	-999	-999	-999	-999	-999	-999	-999	-999	-999	-999	-999	-999	-999	-999	-999	-999	0.87	-999	-999	-999
sub-ON58053	-999	-999	-999	-999	76	0.40	-999	-999	-999	-999	-999	-999	-999	-999	-999	-999	-999	-999	-999	-999	-999	-999	-999	-999	2.31	-999	-999	-999
sub-ON59735	-999	-999	-999	-999	626	1.20	-999	-999	-999	-999	-999	-999	-999	-999	-999	-999	-999	-999	-999	-999	-999	-999	-999	-999	1.53	-999	-999	-999
sub-ON61087	-999	-999	-999	-999	157	0.80	-999	-999	-999	-999	-999	-999	-999	-999	-999	-999	-999	-999	-999	-999	-999	-999	-999	-999	1.32	-999	-999	-999
sub-ON61373	-999	-999	-999	-999	777	3.60	-999	-999	-999	-999	-999	-999	-999	-999	-999	-999	-999	-999	-999	-999	-999	-999	-999	-999	0.83	-999	-999	-999
sub-ON62003	-999	-999	-999	-999	161	3.20	-999	-999	-999	-999	-999	-999	-999	-999	-999	-999	-999	-999	13.9	-999	-999	-999	-999	-999	2.22	-999	-999	-999
sub-ON62210	-999	-999	-999	-999	227	0.50	-999	-999	-999	-999	-999	-999	-999	-999	-999	-999	-999	-999	-999	-999	-999	-999	-999	-999	2.53	-999	-999	-999
sub-ON62592	-999	-999	-999	-999	98	5.40	-999	-999	-999	-999	-999	-999	-999	-999	-999	-999	-999	-999	-999	-999	-999	-999	-999	-999	1.33	-999	-999	-999
sub-ON62623	-999	-999	-999	-999	247	<0.15	-999	-999	-999	-999	-999	-999	-999	-999	-999	-999	-999	-999	-999	-999	-999	-999	-999	-999	0.75	-999	-999	-999
sub-ON62955	-999	-999	-999	-999	80	3.20	-999	-999	-999	-999	-999	-999	-999	-999	-999	-999	-999	-999	-999	-999	-999	-999	-999	-999	1.65	-999	-999	-999
sub-ON63211	-999	-999	-999	-999	300	6.70	-999	-999	-999	-999	-999	-999	-999	-999	-999	-999	-999	-999	13.4	-999	-999	-999	-999	-999	0.69	-999	-999	-999
sub-ON63335	-999	-999	-999	-999	HEMOLYZED	0.70	-999	-999	-999	-999	-999	-999	-999	-999	-999	-999	-999	-999	-999	-999	-999	-999	-999	-999	1.20	-999	-999	-999
sub-ON63704	-999	-999	-999	-999	148	0.30	-999	-999	-999	-999	-999	-999	-999	-999	-999	-999	-999	-999	-999	-999	-999	-999	-999	-999	1.15	-999	-999	-999
sub-ON63734	-999	-999	-999	-999	146	<0.15	-999	-999	-999	-999	-999	-999	-999	-999	-999	-999	-999	-999	-999	-999	-999	-999	-999	-999	1.60	-999	-999	-999
sub-ON64211	-999	-999	-999	-999	108	1.50	-999	-999	-999	-999	-999	-999	-999	-999	-999	-999	-999	-999	-999	-999	-999	-999	-999	-999	1.29	-999	-999	-999
sub-ON64320	-999	-999	-999	-999	70	2.60	-999	-999	-999	-999	-999	-999	-999	-999	-999	-999	-999	-999	-999	-999	-999	-999	-999	-999	3.69	-999	-999	-999
sub-ON65322	-999	-999	-999	-999	143	3.60	-999	-999	-999	-999	-999	-999	-999	-999	-999	-999	-999	-999	-999	-999	-999	-999	-999	-999	1.65	-999	-999	-999
sub-ON65510	-999	-999	-999	-999	57	2.60	-999	-999	-999	-999	-999	-999	-999	-999	-999	-999	-999	-999	-999	-999	-999	-999	-999	-999	1.96	-999	-999	-999
sub-ON65553	-999	-999	-999	-999	76	0.30	-999	-999	-999	-999	-999	-999	-999	-999	-999	-999	-999	-999	-999	-999	-999	-999	-999	-999	3.71	-999	-999	-999
sub-ON65733	-999	-999	-999	-999	93	1.00	-999	-999	-999	-999	-999	-999	-999	-999	-999	-999	-999	-999	-999	-999	-999	-999	-999	-999	1.13	-999	-999	-999
sub-ON66199	-999	-999	-999	-999	115	1.20	-999	-999	-999	-999	-999	-999	-999	-999	-999	-999	-999	-999	-999	-999	-999	-999	-999	-999	2.57	-999	-999	-999
sub-ON66510	-999	-999	-999	-999	70	0.20	-999	-999	-999	-999	-999	-999	-999	-999	-999	-999	-999	-999	-999	-999	-999	-999	-999	-999	2.05	-999	-999	-999
sub-ON66557	-999	-999	-999	-999	83	1.10	-999	-999	-999	-999	-999	-999	-999	-999	-999	-999	-999	-999	-999	-999	-999	-999	-999	-999	1.56	-999	-999	-999
sub-ON67121	-999	-999	-999	-999	75	0.50	-999	-999	-999	-999	-999	-999	-999	-999	-999	-999	-999	-999	-999	-999	-999	-999	-999	-999	0.85	-999	-999	-999
sub-ON67435	-999	-999	-999	-999	76	0.60	-999	-999	-999	-999	-999	-999	-999	-999	-999	-999	-999	-999	-999	-999	-999	-999	-999	-999	2.10	-999	-999	-999
sub-ON67563	-999	-999	-999	-999	80	<0.15	-999	-999	-999	-999	-999	-999	-999	-999	-999	-999	-999	-999	-999	-999	-999	-999	-999	-999	2.28	-999	-999	-999
sub-ON69092	-999	-999	-999	-999	210	0.30	-999	-999	-999	-999	-999	-999	-999	-999	-999	-999	-999	-999	14.1	-999	-999	-999	-999	-999	0.87	-999	-999	-999
sub-ON70467	-999	-999	-999	-999	91	0.60	-999	-999	-999	-999	-999	-999	-999	-999	-999	-999	-999	-999	-999	-999	-999	-999	-999	-999	1.00	-999	-999	-999
sub-ON71932	-999	-999	-999	-999	242	1.50	-999	-999	-999	-999	-999	-999	-999	-999	-999	-999	-999	-999	-999	-999	-999	-999	-999	-999	1.28	-999	-999	-999
sub-ON72082	-999	-999	-999	-999	110	0.40	-999	-999	-999	-999	-999	-999	-999	-999	-999	-999	-999	-999	-999	-999	-999	-999	-999	-999	0.64	-999	-999	-999
sub-ON72200	-999	-999	-999	-999	120	0.60	-999	-999	-999	-999	-999	-999	-999	-999	-999	-999	-999	-999	-999	-999	-999	-999	-999	-999	0.63	-999	-999	-999
sub-ON73121	-999	-999	-999	-999	92	0.60	-999	-999	-999	-999	-999	-999	-999	-999	-999	-999	-999	-999	-999	-999	-999	-999	-999	-999	0.97	-999	-999	-999
sub-ON73211	-999	-999	-999	-999	1065	1.90	-999	-999	-999	-999	-999	-999	-999	-999	-999	-999	-999	-999	-999	-999	-999	-999	-999	-999	1.07	-999	-999	-999
sub-ON74065	-999	-999	-999	-999	75	0.60	-999	-999	-999	-999	-999	-999	-999	-999	-999	-999	-999	-999	-999	-999	-999	-999	-999	-999	0.92	-999	-999	-999
sub-ON74110	-999	-999	-999	-999	94	0.40	23	-999	-999	85	-999	-999	-999	-999	-999	-999	-999	-999	-999	-999	-999	-999	-999	-999	1.13	-999	311	-999
sub-ON75411	-999	-999	-999	-999	43	3.40	-999	-999	-999	-999	-999	-999	-999	-999	-999	-999	-999	-999	-999	-999	-999	-999	-999	-999	2.21	-999	-999	-999
sub-ON75431	-999	-999	-999	2.36	56	5.70	-999	-999	-999	-999	180	0.84	-999	4.0	-999	-999	7.2	-999	-999	-999	-999	-999	-999	-999	2.13	-999	-999	5.2
sub-ON75450	-999	-999	-999	-999	62	4.90	-999	-999	-999	-999	-999	-999	-999	-999	-999	-999	-999	-999	-999	-999	-999	-999	-999	-999	2.54	-999	-999	-999
sub-ON76303	-999	-999	-999	-999	540	4.30	-999	-999	-999	-999	-999	-999	-999	-999	-999	-999	-999	-999	-999	-999	-999	-999	-999	-999	1.40	-999	-999	-999
sub-ON76400	-999	-999	-999	-999	80	1.30	-999	-999	-999	-999	-999	-999	-999	-999	-999	-999	-999	-999	-999	-999	-999	-999	-999	-999	1.55	-999	-999	-999
sub-ON76410	-999	-999	-999	-999	-999	0.80	-999	-999	-999	-999	-999	-999	-999	-999	-999	-999	-999	-999	-999	-999	-999	-999	-999	-999	-999	-999	-999	-999
sub-ON76413	-999	-999	-999	-999	1595	1.00	-999	-999	-999	-999	-999	-999	-999	-999	-999	-999	-999	-999	-999	-999	-999	-999	-999	-999	1.39	-999	-999	-999
sub-ON76430	-999	-999	-999	-999	167	0.50	-999	-999	-999	-999	-999	-999	-999	-999	-999	-999	-999	-999	-999	-999	-999	-999	-999	-999	1.28	-999	-999	-999
sub-ON76501	-999	-999	-999	-999	106	7.60	-999	-999	-999	-999	-999	-999	-999	-999	-999	-999	-999	-999	-999	-999	-999	-999	-999	-999	2.13	-999	-999	-999
sub-ON76510	-999	-999	-999	-999	71	<0.15	-999	-999	-999	-999	-999	-999	-999	-999	-999	-999	-999	-999	-999	-999	-999	-999	-999	-999	0.87	-999	-999	-999
sub-ON77533	-999	-999	-999	-999	241	0.40	-999	-999	-999	-999	-999	-999	-999	-999	-999	-999	-999	-999	-999	-999	-999	-999	-999	-999	-999	-999	-999	-999
sub-ON77541	-999	-999	-999	-999	110	0.20	-999	-999	-999	-999	-999	-999	-999	-999	-999	-999	-999	-999	-999	-999	-999	-999	-999	-999	1.22	-999	-999	-999
sub-ON77665	-999	-999	-999	-999	144	0.90	-999	-999	-999	-999	-999	-999	-999	-999	-999	-999	-999	-999	-999	-999	-999	-999	-999	-999	4.44	-999	-999	-999
sub-ON77761	-999	-999	-999	-999	129	5.80	-999	-999	-999	-999	-999	-999	-999	-999	-999	-999	-999	-999	-999	-999	-999	-999	-999	-999	1.31	-999	-999	-999
sub-ON78603	-999	-999	-999	-999	194	0.30	-999	-999	-999	-999	-999	-999	-999	-999	-999	-999	-999	-999	-999	-999	-999	-999	-999	-999	1.41	-999	-999	-999
sub-ON79309	-999	-999	-999	-999	83	1.20	-999	-999	-999	-999	-999	-999	-999	-999	-999	-999	-999	-999	-999	-999	-999	-999	-999	-999	1.58	-999	-999	-999
sub-ON80038	-999	-999	-999	-999	86	2.90	-999	-999	-999	-999	-999	-999	-999	-999	-999	-999	-999	-999	-999	-999	-999	-999	-999	-999	0.83	-999	-999	-999
sub-ON80356	-999	-999	-999	-999	81	0.20	-999	-999	-999	-999	-999	-999	-999	-999	-999	-999	-999	-999	-999	-999	-999	-999	-999	-999	3.17	-999	-999	-999
sub-ON81734	-999	-999	-999	-999	76	0.50	-999	-999	-999	-999	-999	-999	-999	-999	-999	-999	-999	-999	-999	-999	-999	-999	-999	-999	1.36	-999	-999	-999
sub-ON82110	<20.0	-999	-999	-999	68	0.20	-999	-999	-999	-999	-999	-999	-999	-999	-999	-999	-999	-999	-999	-999	-999	-999	-999	16.3	-999	-999	-999	-999
sub-ON82386	-999	-999	-999	-999	75	0.80	-999	-999	-999	-999	-999	-999	-999	-999	-999	-999	-999	-999	-999	-999	-999	-999	-999	-999	1.54	-999	-999	-999
sub-ON82798	-999	-999	-999	-999	126	0.60	-999	-999	-999	-999	-999	-999	-999	-999	-999	-999	-999	-999	-999	-999	-999	-999	-999	-999	3.55	-999	-999	-999
sub-ON82948	-999	-999	-999	-999	124	0.80	-999	-999	-999	-999	-999	-999	-999	-999	-999	-999	-999	-999	-999	-999	-999	-999	-999	-999	1.39	-999	-999	-999
sub-ON83321	-999	-999	-999	-999	69	0.60	-999	-999	-999	-999	-999	-999	-999	-999	-999	-999	-999	-999	-999	-999	-999	-999	-999	-999	1.59	-999	-999	-999
sub-ON83331	-999	-999	-999	-999	110	0.70	-999	-999	-999	-999	-999	-999	-999	-999	-999	-999	-999	-999	-999	-999	-999	-999	-999	-999	1.09	-999	-999	-999
sub-ON84478	-999	-999	-999	-999	116	1.70	-999	-999	-999	-999	-999	-999	-999	-999	-999	-999	-999	-999	-999	-999	-999	-999	-999	-999	2.01	-999	-999	-999
sub-ON84651	-999	-999	-999	-999	117	1.10	-999	-999	-999	-999	-999	-999	-999	-999	-999	-999	-999	-999	-999	-999	-999	-999	-999	-999	1.45	-999	-999	-999
sub-ON84896	-999	-999	-999	-999	202	6.50	-999	-999	-999	-999	-999	-999	-999	-999	-999	-999	-999	-999	-999	-999	-999	-999	-999	-999	1.30	-999	-999	-999
sub-ON85305	-999	-999	-999	-999	47	2.00	-999	-999	-999	-999	-999	-999	-999	-999	-999	-999	-999	-999	-999	-999	-999	-999	-999	-999	2.32	-999	-999	-999
sub-ON85310	-999	-999	-999	-999	590	0.40	-999	-999	-999	-999	-999	-999	-999	-999	-999	-999	-999	-999	-999	-999	-999	-999	-999	-999	1.42	-999	-999	-999
sub-ON85321	-999	-999	-999	2.21	118	-999	-999	<1	-999	-999	193	0.71	-999	3.7	-999	-999	8.4	-999	-999	-999	-999	-999	-999	-999	-999	-999	-999	3.8
sub-ON85322	-999	-999	-999	-999	113	1.00	-999	-999	-999	-999	-999	-999	-999	-999	-999	-999	-999	-999	-999	-999	-999	-999	-999	-999	1.44	-999	-999	-999
sub-ON85522	-999	-999	-999	-999	60	1.50	-999	-999	-999	-999	-999	-999	-999	-999	-999	-999	-999	-999	-999	-999	-999	-999	-999	-999	0.69	-999	-999	-999
sub-ON85616	-999	-999	-999	-999	76	0.30	37	<1	-999	163	-999	-999	-999	-999	-999	-999	-999	-999	-999	-999	-999	-999	-999	-999	2.15	-999	255	-999
sub-ON85981	-999	-999	-999	-999	120	0.90	-999	-999	-999	-999	-999	-999	-999	-999	-999	-999	-999	-999	-999	-999	-999	-999	-999	-999	2.32	-999	-999	-999
sub-ON86202	-999	-999	-999	-999	119	0.30	-999	-999	-999	-999	-999	-999	-999	-999	-999	-999	-999	-999	-999	-999	-999	-999	-999	-999	1.43	-999	-999	-999
sub-ON86431	-999	-999	-999	-999	223	0.90	-999	-999	-999	-999	-999	-999	-999	-999	-999	-999	-999	-999	-999	-999	-999	-999	-999	-999	1.76	-999	-999	-999
sub-ON86434	-999	-999	-999	-999	333	0.80	-999	-999	-999	-999	-999	-999	-999	-999	-999	-999	-999	-999	-999	-999	-999	-999	-999	-999	1.89	-999	-999	-999
sub-ON86523	-999	-999	-999	-999	137	0.60	-999	-999	-999	-999	-999	-999	-999	-999	-999	-999	-999	-999	-999	-999	-999	-999	-999	-999	6.07	-999	-999	-999
sub-ON86543	-999	-999	-999	-999	144	2.00	-999	-999	-999	-999	-999	-999	-999	-999	-999	-999	-999	-999	-999	-999	-999	-999	-999	-999	0.55	-999	-999	-999
sub-ON86544	-999	-999	-999	-999	54	0.30	-999	-999	-999	-999	-999	-999	-999	-999	-999	-999	-999	-999	-999	-999	-999	-999	-999	-999	1.09	-999	-999	-999
sub-ON86624	-999	-999	-999	-999	58	2.80	-999	-999	-999	-999	-999	-999	-999	-999	-999	-999	-999	-999	-999	-999	-999	-999	-999	-999	1.67	-999	-999	-999
sub-ON86641	-999	-999	-999	-999	102	0.40	-999	-999	-999	-999	-999	-999	-999	-999	-999	-999	-999	-999	-999	-999	-999	-999	-999	-999	6.04	-999	-999	-999
sub-ON86779	-999	-999	-999	-999	64	0.20	-999	-999	-999	-999	-999	-999	-999	-999	-999	-999	-999	-999	-999	-999	-999	-999	-999	-999	2.62	-999	-999	-999
sub-ON87054	-999	-999	-999	-999	541	0.80	-999	-999	-999	-999	-999	-999	-999	-999	-999	-999	-999	-999	-999	-999	-999	-999	-999	-999	1.11	-999	-999	-999
sub-ON87092	-999	-999	-999	-999	49	1.10	-999	-999	-999	-999	-999	-999	-999	-999	-999	-999	-999	-999	-999	-999	-999	-999	-999	-999	3.64	-999	-999	-999
sub-ON87313	-999	-999	-999	-999	258	2.60	-999	-999	-999	-999	-999	-999	-999	-999	-999	-999	-999	-999	-999	-999	-999	-999	-999	-999	3.88	-999	-999	-999
sub-ON87322	-999	-999	-999	-999	334	4.60	-999	-999	-999	-999	-999	-999	-999	-999	-999	-999	-999	-999	-999	-999	-999	-999	-999	-999	1.22	-999	-999	-999
sub-ON87413	-999	-999	-999	-999	116	0.50	-999	-999	-999	-999	-999	-999	-999	-999	-999	-999	-999	-999	-999	-999	-999	-999	-999	-999	1.85	-999	-999	-999
sub-ON87515	-999	-999	-999	-999	65	0.20	-999	-999	-999	-999	-999	-999	-999	-999	-999	-999	-999	-999	-999	-999	-999	-999	-999	-999	2.04	-999	-999	-999
sub-ON87532	-999	-999	-999	-999	74	0.30	-999	-999	-999	-999	-999	-999	-999	-999	-999	-999	-999	-999	-999	-999	-999	-999	-999	-999	1.96	-999	-999	-999
sub-ON87533	-999	-999	-999	-999	151	0.80	-999	-999	-999	-999	-999	-999	-999	-999	-999	-999	-999	17.2	-999	3.1	93	2.0	6.3	-999	12.42	-999	-999	-999
sub-ON87538	-999	-999	-999	-999	274	2.50	-999	-999	-999	-999	-999	-999	-999	-999	-999	-999	-999	-999	-999	-999	-999	-999	-999	-999	2.51	-999	-999	-999
sub-ON87551	-999	-999	-999	-999	101	4.80	-999	-999	-999	-999	-999	-999	-999	-999	-999	-999	-999	-999	-999	-999	-999	-999	-999	-999	3.05	-999	-999	-999
sub-ON87602	-999	-999	-999	-999	73	4.90	-999	-999	-999	-999	-999	-999	-999	-999	-999	-999	-999	-999	-999	-999	-999	-999	-999	-999	2.38	-999	-999	-999
sub-ON87716	-999	-999	-999	-999	134	4.20	-999	-999	-999	-999	-999	-999	-999	-999	-999	-999	-999	-999	-999	-999	-999	-999	-999	-999	0.83	-999	-999	-999
sub-ON87732	-999	-999	-999	-999	383	0.50	-999	-999	-999	-999	-999	-999	-999	-999	-999	-999	-999	-999	-999	-999	-999	-999	-999	-999	5.01	-999	-999	-999
sub-ON87772	-999	-999	-999	-999	204	0.60	-999	-999	-999	-999	-999	-999	-999	-999	-999	-999	-999	-999	-999	-999	-999	-999	-999	-999	2.43	-999	-999	-999
sub-ON87773	-999	-999	-999	-999	84	0.20	-999	-999	-999	-999	-999	-999	-999	-999	-999	-999	-999	-999	-999	-999	-999	-999	-999	-999	2.30	-999	-999	-999
sub-ON88321	-999	-999	-999	-999	119	0.50	-999	-999	-999	-999	-999	-999	-999	-999	-999	-999	-999	-999	-999	-999	-999	-999	-999	-999	0.64	-999	-999	-999
sub-ON88331	-999	-999	-999	-999	119	2.00	-999	-999	-999	-999	-999	-999	-999	-999	-999	-999	-999	-999	-999	-999	-999	-999	-999	-999	1.62	-999	-999	-999
sub-ON88614	-999	-999	-999	-999	183	2.10	-999	-999	-999	-999	-999	-999	-999	-999	-999	-999	-999	-999	-999	-999	-999	-999	-999	-999	1.85	-999	-999	-999
sub-ON88631	-999	-999	-999	-999	252	1.40	-999	-999	-999	-999	-999	-999	-999	-999	-999	-999	-999	-999	-999	-999	-999	-999	-999	-999	2.18	-999	-999	-999
sub-ON88732	-999	-999	-999	-999	78	3.50	-999	-999	-999	-999	-999	-999	-999	-999	-999	-999	-999	-999	-999	-999	-999	-999	-999	-999	2.11	-999	-999	-999
sub-ON88753	-999	-999	-999	-999	138	0.40	-999	-999	-999	-999	-999	-999	-999	-999	-999	-999	-999	-999	-999	-999	-999	-999	-999	-999	0.83	-999	-999	-999
sub-ON88766	-999	-999	-999	-999	77	5.80	-999	-999	-999	-999	-999	-999	-999	-999	-999	-999	-999	-999	-999	-999	-999	-999	-999	-999	2.17	-999	-999	-999
sub-ON88871	-999	-999	-999	2.44	309	6.60	-999	-999	-999	-999	232	0.87	-999	3.2	-999	-999	8.2	-999	11.2	-999	-999	-999	-999	-999	0.99	-999	-999	5.9
sub-ON88875	-999	-999	-999	-999	86	5.10	-999	-999	-999	-999	-999	-999	-999	-999	-999	-999	-999	-999	-999	-999	-999	-999	-999	-999	0.99	-999	-999	-999
sub-ON89045	-999	-999	-999	-999	98	0.20	-999	-999	-999	-999	-999	-999	-999	-999	-999	-999	-999	-999	-999	-999	-999	-999	-999	-999	2.99	-999	-999	-999
sub-ON89474	-999	-999	-999	-999	51	0.40	-999	-999	-999	-999	-999	-999	-999	-999	-999	-999	-999	-999	-999	-999	-999	-999	-999	-999	1.13	-999	-999	-999
sub-ON89475	-999	-999	-999	-999	51	3.70	-999	-999	-999	-999	-999	-999	-999	-999	-999	-999	-999	-999	-999	-999	-999	-999	-999	-999	0.73	-999	-999	-999
sub-ON91100	-999	-999	-999	-999	136	1.20	-999	-999	-999	-999	-999	-999	-999	-999	-999	-999	-999	-999	-999	-999	-999	-999	-999	-999	2.29	-999	-999	-999
sub-ON91906	-999	-999	-999	-999	60	0.20	-999	-999	-999	-999	-999	-999	-999	-999	-999	-999	-999	-999	-999	-999	-999	-999	-999	-999	1.78	-999	-999	-999
sub-ON92067	-999	-999	-999	-999	59	0.40	-999	-999	-999	-999	-999	-999	-999	-999	-999	-999	-999	-999	-999	-999	-999	-999	-999	-999	1.36	-999	-999	-999
sub-ON93016	-999	-999	-999	-999	54	2.00	-999	-999	-999	-999	-999	-999	-999	-999	-999	-999	-999	-999	-999	-999	-999	-999	-999	-999	0.71	-999	-999	-999
sub-ON93311	-999	-999	-999	-999	47	0.50	-999	-999	-999	-999	-999	-999	-999	-999	-999	-999	-999	-999	-999	-999	-999	-999	-999	-999	2.61	-999	-999	-999
sub-ON94423	-999	-999	-999	-999	118	0.20	-999	-999	-999	-999	-999	-999	-999	-999	-999	-999	-999	-999	-999	-999	-999	-999	-999	-999	1.39	-999	-999	-999
sub-ON94663	-999	-999	-999	-999	76	1.00	-999	-999	-999	-999	-999	-999	-999	-999	-999	-999	-999	-999	-999	-999	-999	-999	-999	-999	1.26	-999	-999	-999
sub-ON95003	-999	-999	-999	-999	48	0.80	-999	-999	-999	-999	-999	-999	-999	-999	-999	-999	-999	-999	-999	-999	-999	-999	-999	-999	2.01	-999	-999	-999
sub-ON95230	-999	-999	-999	-999	91	0.60	-999	-999	-999	-999	-999	-999	-999	-999	-999	-999	-999	-999	-999	-999	-999	-999	-999	-999	1.45	-999	-999	-999
sub-ON95259	-999	-999	-999	-999	200	7.40	-999	-999	-999	-999	-999	-999	-999	-999	-999	-999	-999	-999	-999	-999	-999	-999	-999	-999	1.78	-999	-999	-999
sub-ON95311	-999	-999	-999	-999	86	1.90	-999	-999	-999	-999	-999	-999	-999	-999	-999	-999	-999	-999	-999	-999	-999	-999	-999	-999	1.50	-999	-999	-999
sub-ON95403	-999	-999	-999	-999	53	0.70	-999	-999	-999	-999	-999	-999	-999	-999	-999	-999	-999	-999	-999	-999	-999	-999	-999	-999	0.75	-999	-999	-999
sub-ON95420	-999	-999	-999	-999	97	1.00	-999	-999	-999	-999	-999	-999	-999	-999	-999	-999	-999	-999	-999	-999	-999	-999	-999	-999	1.85	-999	-999	-999
sub-ON95422	-999	-999	-999	-999	207	<0.15	-999	-999	-999	-999	-999	-999	-999	-999	-999	-999	-999	-999	-999	-999	-999	-999	-999	-999	4.15	-999	-999	-999
sub-ON95514	-999	-999	-999	-999	83	0.90	-999	-999	-999	-999	-999	-999	-999	-999	-999	-999	-999	-999	-999	-999	-999	-999	-999	-999	2.24	-999	-999	-999
sub-ON95534	-999	-999	-999	-999	66	0.60	-999	-999	-999	-999	-999	-999	-999	-999	-999	-999	-999	-999	-999	-999	-999	-999	-999	-999	0.74	-999	-999	-999
sub-ON95541	-999	-999	-999	-999	71	0.60	-999	-999	-999	-999	-999	-999	-999	-999	-999	-999	-999	-999	-999	-999	-999	-999	-999	-999	1.32	-999	-999	-999
sub-ON95742	-999	-999	-999	-999	57	0.50	-999	-999	-999	-999	-999	-999	-999	-999	-999	-999	-999	-999	-999	-999	-999	-999	-999	-999	1.32	-999	-999	-999
sub-ON96311	-999	-999	-999	-999	121	1.70	-999	-999	-999	-999	-999	-999	-999	-999	-999	-999	-999	-999	-999	-999	-999	-999	-999	-999	2.44	-999	-999	-999
sub-ON96333	-999	-999	-999	-999	59	3.90	-999	-999	-999	-999	-999	-999	-999	-999	-999	-999	-999	-999	-999	-999	-999	-999	-999	-999	2.15	-999	-999	-999
sub-ON96403	-999	-999	-999	-999	100	<0.15	-999	-999	-999	-999	-999	-999	-999	-999	-999	-999	-999	-999	-999	-999	-999	-999	-999	-999	3.34	-999	-999	-999
sub-ON96522	-999	-999	-999	-999	99	0.40	-999	-999	-999	-999	-999	-999	-999	-999	-999	-999	-999	-999	-999	-999	-999	-999	-999	-999	1.19	-999	-999	-999
sub-ON96545	-999	-999	-999	2.37	49	18.80	-999	-999	-999	-999	-999	0.85	-999	2.9	-999	-999	-999	-999	-999	-999	-999	-999	-999	-999	2.75	-999	-999	-999
sub-ON96632	-999	156	141	-999	277	0.20	-999	-999	6.4	-999	-999	-999	125	-999	-999	-999	-999	-999	-999	-999	-999	-999	-999	-999	1.68	-999	-999	6.5
sub-ON96653	-999	-999	-999	-999	121	3.50	-999	-999	-999	-999	-999	-999	-999	-999	-999	-999	-999	-999	-999	-999	-999	-999	-999	-999	2.39	-999	-999	-999
sub-ON97113	-999	-999	-999	-999	411	3.20	-999	-999	-999	-999	-999	-999	-999	-999	-999	-999	-999	-999	-999	-999	-999	-999	-999	-999	0.55	-999	-999	-999
sub-ON97130	-999	-999	-999	-999	127	0.90	-999	-999	-999	-999	-999	-999	-999	-999	-999	-999	-999	-999	-999	-999	-999	-999	-999	-999	1.61	-999	-999	-999
sub-ON97231	-999	-999	-999	-999	87	1.10	-999	-999	-999	-999	-999	-999	-999	-999	-999	-999	-999	-999	-999	-999	-999	-999	-999	-999	1.75	-999	-999	-999
sub-ON97432	-999	-999	-999	-999	53	4.70	-999	-999	-999	-999	-999	-999	-999	-999	-999	-999	-999	-999	-999	-999	-999	-999	-999	-999	2.38	-999	-999	-999
sub-ON97441	-999	-999	-999	-999	77	0.60	-999	-999	-999	-999	-999	-999	-999	-999	-999	-999	-999	-999	-999	-999	-999	-999	-999	-999	1.65	-999	-999	-999
sub-ON97451	-999	-999	-999	-999	102	1.00	-999	-999	-999	-999	-999	-999	-999	-999	-999	-999	-999	-999	-999	-999	-999	-999	-999	-999	1.82	-999	-999	-999
sub-ON97504	-999	-999	-999	-999	134	0.20	-999	-999	-999	-999	-999	-999	-999	-999	-999	-999	-999	-999	-999	-999	-999	-999	-999	-999	1.45	-999	-999	-999
sub-ON98018	-999	-999	-999	-999	376	1.20	-999	-999	-999	-999	-999	-999	-999	-999	-999	-999	-999	-999	-999	-999	-999	-999	-999	-999	1.33	-999	-999	-999
sub-ON98098	-999	-999	-999	-999	53	1.10	-999	-999	-999	-999	-999	-999	-999	-999	-999	-999	-999	-999	-999	-999	-999	-999	-999	-999	2.89	-999	-999	-999
sub-ON98320	-999	-999	-999	-999	163	1.60	-999	-999	-999	-999	-999	-999	-999	-999	-999	-999	-999	-999	-999	-999	-999	-999	-999	-999	2.15	-999	-999	-999
sub-ON98321	-999	-999	-999	-999	47	<0.15	-999	-999	-999	-999	-999	-999	-999	-999	-999	-999	-999	-999	-999	-999	-999	-999	-999	-999	1.48	-999	-999	-999
sub-ON98330	-999	-999	-999	-999	66	0.60	-999	-999	-999	-999	-999	-999	-999	-999	-999	-999	-999	-999	-999	-999	-999	-999	-999	-999	1.37	-999	-999	-999
sub-ON98510	-999	-999	-999	-999	107	0.50	-999	-999	-999	-999	-999	-999	-999	-999	-999	-999	-999	-999	-999	-999	-999	-999	-999	-999	0.44	-999	-999	-999
sub-ON98642	-999	-999	-999	-999	89	0.50	-999	-999	-999	-999	-999	-999	-999	-999	-999	-999	-999	-999	-999	-999	-999	-999	-999	-999	1.46	-999	-999	-999
sub-ON98750	-999	-999	-999	-999	106	5.40	-999	-999	-999	-999	-999	-999	-999	-999	-999	-999	-999	-999	-999	-999	-999	-999	-999	-999	1.99	-999	-999	-999
sub-ON98763	-999	-999	-999	-999	68	0.40	-999	-999	-999	-999	-999	-999	-999	-999	-999	-999	-999	-999	-999	-999	-999	-999	-999	-999	1.28	-999	-999	-999
sub-ON98806	-999	-999	-999	-999	167	0.90	-999	-999	-999	-999	-999	-999	-999	-999	-999	-999	-999	-999	-999	-999	-999	-999	-999	-999	1.50	-999	-999	-999
sub-ON98872	-999	-999	-999	-999	143	0.40	-999	-999	-999	-999	-999	-999	-999	-999	-999	-999	-999	-999	-999	-999	-999	-999	-999	-999	1.17	-999	-999	-999
sub-ON99299	-999	-999	-999	-999	141	1.80	-999	-999	-999	-999	-999	-999	-999	-999	-999	-999	-999	-999	-999	-999	-999	-999	-999	-999	1.55	-999	-999	-999
sub-ON99330	-999	-999	-999	-999	93	5.30	-999	-999	-999	-999	-999	-999	-999	-999	-999	-999	-999	-999	-999	-999	-999	-999	-999	-999	3.13	-999	-999	-999
sub-ON99510	-999	-999	-999	-999	132	3.90	-999	-999	-999	-999	-999	-999	-999	-999	-999	-999	-999	-999	-999	-999	-999	-999	-999	-999	1.52	-999	-999	-999
sub-ON99540	-999	-999	-999	-999	99	0.70	-999	-999	-999	-999	-999	-999	-999	-999	-999	-999	-999	-999	-999	-999	-999	-999	-999	-999	1.18	-999	-999	-999
sub-ON99554	-999	-999	-999	-999	74	1.60	-999	-999	-999	-999	-999	-999	-999	-999	-999	-999	-999	-999	-999	-999	-999	-999	-999	-999	1.25	-999	-999	-999
sub-ON99610	-999	-999	-999	-999	100	2.60	-999	-999	-999	-999	-999	-999	-999	-999	-999	-999	-999	-999	-999	-999	-999	-999	-999	-999	1.54	-999	-999	-999
sub-ON99665	-999	-999	-999	-999	135	<0.15	-999	-999	-999	-999	-999	-999	-999	-999	-999	-999	-999	-999	-999	-999	-999	-999	-999	-999	1.68	-999	-999	-999
sub-ON99744	-999	-999	-999	-999	592	0.30	-999	-999	-999	-999	-999	-999	-999	-999	-999	-999	-999	-999	-999	-999	-999	-999	-999	-999	1.65	-999	-999	-999
sub-ON99752	-999	-999	-999	-999	621	1.50	-999	-999	-999	-999	-999	-999	-999	-999	-999	-999	-999	-999	-999	-999	-999	-999	-999	-999	1.61	-999	-999	-999
sub-ON99753	-999	-999	-999	-999	158	0.20	-999	-999	-999	-999	-999	-999	-999	-999	-999	-999	-999	-999	-999	-999	-999	-999	-999	-999	2.00	-999	-999	-999
sub-ON99754	-999	-999	-999	-999	717	2.50	-999	-999	-999	-999	-999	-999	-999	-999	-999	-999	-999	-999	-999	-999	-999	-999	-999	-999	0.99	-999	-999	-999
sub-ON99821	-999	-999	-999	-999	157	0.30	-999	-999	-999	-999	-999	-999	-999	-999	-999	-999	-999	-999	-999	-999	-999	-999	-999	-999	1.43	-999	-999	-999
sub-ON99860	-999	-999	-999	-999	83	0.40	54	-999	-999	-999	-999	-999	-999	-999	-999	-999	-999	-999	-999	-999	-999	-999	-999	-999	0.76	-999	-999	-999
sub-ON99871	-999	-999	-999	-999	240	0.60	-999	-999	-999	-999	-999	-999	-999	-999	-999	-999	-999	-999	-999	-999	-999	-999	-999	-999	1.79	-999	-999	-999
